,Meldedatum,State_Cases,State_Deaths,State_Recovered,State_newInfections,State_newDeaths,State_newRecovered,State
17,2020-03-10,399,7,392,118,0,118,Baden-Württemberg
18,2020-03-11,545,12,533,146,5,141,Baden-Württemberg
19,2020-03-12,733,16,717,188,4,184,Baden-Württemberg
20,2020-03-13,1047,20,1027,314,4,310,Baden-Württemberg
21,2020-03-14,1373,29,1344,326,9,317,Baden-Württemberg
23,2020-03-16,1984,45,1939,429,12,417,Baden-Württemberg
24,2020-03-17,2583,57,2526,599,12,587,Baden-Württemberg
25,2020-03-18,3384,76,3308,801,19,782,Baden-Württemberg
26,2020-03-19,4038,95,3943,654,19,635,Baden-Württemberg
27,2020-03-20,4884,124,4760,846,29,817,Baden-Württemberg
28,2020-03-21,5448,142,5306,564,18,546,Baden-Württemberg
29,2020-03-22,5996,162,5834,548,20,528,Baden-Württemberg
30,2020-03-23,6641,190,6451,645,28,617,Baden-Württemberg
31,2020-03-24,7829,234,7595,1188,44,1144,Baden-Württemberg
32,2020-03-25,9016,279,8737,1187,45,1142,Baden-Württemberg
33,2020-03-26,10233,352,9881,1217,73,1144,Baden-Württemberg
34,2020-03-27,11484,401,11083,1251,49,1202,Baden-Württemberg
35,2020-03-28,12491,460,12031,1007,59,948,Baden-Württemberg
36,2020-03-29,13151,491,12660,660,31,629,Baden-Württemberg
37,2020-03-30,14083,549,13534,932,58,874,Baden-Württemberg
38,2020-03-31,15312,633,14679,1229,84,1145,Baden-Württemberg
39,2020-04-01,16553,720,15833,1241,87,1154,Baden-Württemberg
40,2020-04-02,17968,819,17149,1415,99,1316,Baden-Württemberg
41,2020-04-03,19236,897,18339,1268,78,1190,Baden-Württemberg
42,2020-04-04,20087,940,19147,851,43,808,Baden-Württemberg
43,2020-04-05,20583,974,19609,496,34,462,Baden-Württemberg
44,2020-04-06,21146,1017,20129,563,43,520,Baden-Württemberg
45,2020-04-07,22049,1069,20980,903,52,851,Baden-Württemberg
46,2020-04-08,22983,1139,21844,934,70,864,Baden-Württemberg
47,2020-04-09,23980,1205,22775,997,66,931,Baden-Württemberg
48,2020-04-10,24644,1246,23398,664,41,623,Baden-Württemberg
49,2020-04-11,25390,1280,24110,746,34,712,Baden-Württemberg
50,2020-04-12,25818,1323,24495,428,43,385,Baden-Württemberg
51,2020-04-13,26109,1356,24753,291,33,258,Baden-Württemberg
52,2020-04-14,26478,1385,25093,369,29,340,Baden-Württemberg
53,2020-04-15,27098,1429,25669,620,44,576,Baden-Württemberg
54,2020-04-16,27759,1461,26298,661,32,629,Baden-Württemberg
55,2020-04-17,28314,1490,26824,555,29,526,Baden-Württemberg
56,2020-04-18,28706,1510,27196,392,20,372,Baden-Württemberg
58,2020-04-20,29278,1555,27723,275,19,256,Baden-Württemberg
59,2020-04-21,29675,1576,28099,397,21,376,Baden-Württemberg
60,2020-04-22,30178,1598,28580,503,22,481,Baden-Württemberg
62,2020-04-24,30965,1635,29330,365,16,349,Baden-Württemberg
63,2020-04-25,31281,1656,29625,316,21,295,Baden-Württemberg
65,2020-04-27,31583,1664,29919,170,4,166,Baden-Württemberg
66,2020-04-28,31767,1674,30093,184,10,174,Baden-Württemberg
67,2020-04-29,32045,1688,30357,278,14,264,Baden-Württemberg
68,2020-04-30,32300,1698,30601,255,10,244,Baden-Württemberg
69,2020-05-01,32452,1706,30745,152,8,144,Baden-Württemberg
70,2020-05-02,32563,1716,30846,111,10,101,Baden-Württemberg
72,2020-05-04,32690,1722,30967,78,3,75,Baden-Württemberg
73,2020-05-05,32815,1728,31086,125,6,119,Baden-Württemberg
74,2020-05-06,32942,1735,31206,127,7,120,Baden-Württemberg
75,2020-05-07,33124,1741,31382,182,6,176,Baden-Württemberg
77,2020-05-09,33457,1758,31698,128,5,123,Baden-Württemberg
79,2020-05-11,33606,1761,31844,97,2,95,Baden-Württemberg
80,2020-05-12,33705,1767,31937,99,6,93,Baden-Württemberg
81,2020-05-13,33828,1771,32056,123,4,119,Baden-Württemberg
82,2020-05-14,33932,1777,32154,104,6,98,Baden-Württemberg
83,2020-05-15,34036,1781,32254,104,4,100,Baden-Württemberg
84,2020-05-16,34090,1783,32306,54,2,52,Baden-Württemberg
87,2020-05-19,34264,1801,32462,103,9,94,Baden-Württemberg
88,2020-05-20,34350,1804,32545,86,3,83,Baden-Württemberg
97,2020-05-29,34788,1816,32923,38,1,27,Baden-Württemberg
104,2020-06-05,34956,1823,33027,36,0,25,Baden-Württemberg
108,2020-06-09,35040,1824,33071,30,0,5,Baden-Württemberg
109,2020-06-10,35089,1824,33089,49,0,18,Baden-Württemberg
111,2020-06-12,35133,1824,33094,31,0,4,Baden-Württemberg
114,2020-06-15,35180,1824,33098,17,0,2,Baden-Württemberg
115,2020-06-16,35217,1824,33099,37,0,1,Baden-Württemberg
118,2020-06-19,35272,1824,33100,12,0,0,Baden-Württemberg
140,2020-03-10,353,4,349,111,3,108,Bayern
141,2020-03-11,470,5,465,117,1,116,Bayern
142,2020-03-12,603,8,595,133,3,130,Bayern
143,2020-03-13,853,11,842,250,3,247,Bayern
144,2020-03-14,1083,16,1067,230,5,225,Bayern
146,2020-03-16,1519,27,1492,269,8,261,Bayern
147,2020-03-17,1984,37,1947,465,10,455,Bayern
148,2020-03-18,2724,49,2675,740,12,728,Bayern
149,2020-03-19,3545,60,3485,821,11,810,Bayern
150,2020-03-20,4404,86,4318,859,26,833,Bayern
151,2020-03-21,5510,126,5384,1106,40,1066,Bayern
152,2020-03-22,6068,146,5922,558,20,538,Bayern
153,2020-03-23,6789,194,6595,721,48,673,Bayern
154,2020-03-24,8008,242,7766,1219,48,1171,Bayern
155,2020-03-25,9685,307,9378,1677,65,1612,Bayern
156,2020-03-26,11389,399,10990,1704,92,1612,Bayern
157,2020-03-27,13030,467,12563,1641,68,1573,Bayern
158,2020-03-28,14450,555,13895,1420,88,1332,Bayern
159,2020-03-29,15312,602,14710,862,47,815,Bayern
160,2020-03-30,16346,674,15672,1034,72,962,Bayern
161,2020-03-31,18188,803,17385,1842,129,1713,Bayern
162,2020-04-01,20176,904,19272,1988,101,1887,Bayern
163,2020-04-02,22114,1031,21083,1938,127,1811,Bayern
164,2020-04-03,23971,1124,22847,1857,93,1764,Bayern
165,2020-04-04,25464,1205,24259,1493,81,1412,Bayern
166,2020-04-05,26178,1256,24922,714,51,663,Bayern
167,2020-04-06,27300,1325,25975,1122,69,1053,Bayern
168,2020-04-07,28829,1418,27411,1529,93,1436,Bayern
169,2020-04-08,30376,1507,28869,1547,89,1458,Bayern
170,2020-04-09,31642,1594,30048,1266,87,1179,Bayern
171,2020-04-10,32581,1651,30930,939,57,882,Bayern
172,2020-04-11,33346,1721,31625,765,70,695,Bayern
173,2020-04-12,33763,1764,31999,417,43,374,Bayern
174,2020-04-13,34227,1809,32418,464,45,419,Bayern
175,2020-04-14,34980,1875,33105,753,66,687,Bayern
176,2020-04-15,35944,1946,33998,964,71,893,Bayern
177,2020-04-16,36805,2001,34804,861,55,806,Bayern
178,2020-04-17,37583,2053,35529,778,52,725,Bayern
179,2020-04-18,38100,2085,36014,517,32,485,Bayern
181,2020-04-20,38861,2156,36704,375,32,343,Bayern
182,2020-04-21,39365,2192,37172,504,36,468,Bayern
183,2020-04-22,39964,2228,37735,599,36,563,Bayern
185,2020-04-24,41064,2290,38772,530,25,505,Bayern
186,2020-04-25,41370,2306,39062,306,16,290,Bayern
188,2020-04-27,41899,2340,39557,342,23,319,Bayern
189,2020-04-28,42261,2358,39901,362,18,344,Bayern
190,2020-04-29,42558,2376,40180,297,18,279,Bayern
191,2020-04-30,42847,2386,40459,289,10,279,Bayern
192,2020-05-01,43068,2406,40660,221,20,201,Bayern
193,2020-05-02,43204,2413,40789,136,7,129,Bayern
195,2020-05-04,43460,2424,41034,166,7,159,Bayern
196,2020-05-05,43673,2432,41238,213,8,204,Bayern
197,2020-05-06,43936,2442,41491,263,10,253,Bayern
198,2020-05-07,44167,2457,41707,231,15,216,Bayern
200,2020-05-09,44499,2473,42023,122,4,118,Bayern
202,2020-05-11,44765,2488,42273,188,9,178,Bayern
203,2020-05-12,44977,2495,42478,212,7,205,Bayern
204,2020-05-13,45165,2502,42658,188,7,180,Bayern
205,2020-05-14,45373,2506,42862,208,4,204,Bayern
206,2020-05-15,45507,2514,42988,134,8,126,Bayern
207,2020-05-16,45608,2520,43083,101,6,95,Bayern
210,2020-05-19,45860,2529,43325,108,3,105,Bayern
211,2020-05-20,46053,2536,43511,193,7,186,Bayern
220,2020-05-29,46938,2554,44281,80,1,59,Bayern
227,2020-06-05,47315,2562,44542,58,1,39,Bayern
231,2020-06-09,47456,2565,44623,44,0,14,Bayern
232,2020-06-10,47529,2565,44638,73,0,15,Bayern
234,2020-06-12,47595,2566,44652,32,1,8,Bayern
237,2020-06-15,47664,2567,44665,30,1,8,Bayern
238,2020-06-16,47706,2567,44669,42,0,4,Bayern
241,2020-06-19,47822,2567,44676,30,0,0,Bayern
251,2020-03-10,92,0,92,34,0,34,Berlin
252,2020-03-11,134,0,134,42,0,42,Berlin
253,2020-03-12,181,0,181,47,0,47,Berlin
254,2020-03-13,240,0,240,59,0,59,Berlin
255,2020-03-14,269,0,269,29,0,29,Berlin
257,2020-03-16,358,0,358,63,0,63,Berlin
258,2020-03-17,451,0,451,93,0,93,Berlin
259,2020-03-18,597,2,595,146,2,144,Berlin
260,2020-03-19,777,3,774,180,1,179,Berlin
261,2020-03-20,947,5,942,170,2,168,Berlin
262,2020-03-21,1075,7,1068,128,2,126,Berlin
263,2020-03-22,1143,8,1135,68,1,67,Berlin
264,2020-03-23,1302,12,1290,159,4,155,Berlin
265,2020-03-24,1502,17,1485,200,5,195,Berlin
266,2020-03-25,1747,19,1728,245,2,243,Berlin
267,2020-03-26,2033,23,2010,286,4,282,Berlin
268,2020-03-27,2238,28,2210,205,5,200,Berlin
269,2020-03-28,2435,31,2404,197,3,194,Berlin
270,2020-03-29,2522,35,2487,87,4,83,Berlin
271,2020-03-30,2689,39,2650,167,4,163,Berlin
272,2020-03-31,2902,42,2860,213,3,210,Berlin
273,2020-04-01,3089,50,3039,187,8,179,Berlin
274,2020-04-02,3326,57,3269,237,7,230,Berlin
275,2020-04-03,3565,74,3491,239,17,222,Berlin
276,2020-04-04,3672,76,3596,107,2,105,Berlin
277,2020-04-05,3750,81,3669,78,5,73,Berlin
278,2020-04-06,3894,90,3804,144,9,135,Berlin
279,2020-04-07,4096,105,3991,202,15,187,Berlin
280,2020-04-08,4274,111,4163,178,6,172,Berlin
281,2020-04-09,4447,121,4326,173,10,163,Berlin
282,2020-04-10,4529,126,4403,82,5,77,Berlin
283,2020-04-11,4615,127,4488,86,1,85,Berlin
284,2020-04-12,4668,127,4541,53,0,53,Berlin
285,2020-04-13,4727,130,4597,59,3,56,Berlin
286,2020-04-14,4801,131,4670,74,1,73,Berlin
287,2020-04-15,4914,133,4781,113,2,111,Berlin
288,2020-04-16,5008,136,4872,94,3,91,Berlin
289,2020-04-17,5128,142,4986,120,6,114,Berlin
290,2020-04-18,5209,146,5063,81,4,77,Berlin
292,2020-04-20,5287,149,5138,45,2,43,Berlin
293,2020-04-21,5363,151,5212,76,2,74,Berlin
294,2020-04-22,5444,158,5286,81,7,74,Berlin
296,2020-04-24,5603,163,5440,73,3,70,Berlin
297,2020-04-25,5657,169,5488,54,6,48,Berlin
299,2020-04-27,5733,179,5554,55,9,46,Berlin
300,2020-04-28,5813,186,5627,80,7,73,Berlin
301,2020-04-29,5881,186,5695,68,0,68,Berlin
302,2020-04-30,5938,190,5748,57,4,53,Berlin
303,2020-05-01,5963,190,5773,25,0,25,Berlin
304,2020-05-02,5994,192,5802,31,2,29,Berlin
306,2020-05-04,6078,193,5885,52,0,52,Berlin
307,2020-05-05,6131,194,5937,53,1,52,Berlin
308,2020-05-06,6189,195,5994,58,1,57,Berlin
309,2020-05-07,6247,196,6051,58,1,57,Berlin
311,2020-05-09,6268,197,6071,17,1,16,Berlin
313,2020-05-11,6292,199,6093,16,2,14,Berlin
314,2020-05-12,6329,200,6129,37,1,36,Berlin
315,2020-05-13,6387,200,6187,58,0,58,Berlin
316,2020-05-14,6432,201,6231,45,1,44,Berlin
317,2020-05-15,6448,201,6247,16,0,16,Berlin
318,2020-05-16,6464,201,6263,16,0,16,Berlin
321,2020-05-19,6551,205,6346,46,3,43,Berlin
322,2020-05-20,6599,206,6393,48,1,47,Berlin
331,2020-05-29,6795,207,6579,30,0,27,Berlin
338,2020-06-05,7006,210,6753,31,1,28,Berlin
342,2020-06-09,7113,210,6826,55,0,33,Berlin
343,2020-06-10,7190,211,6860,77,1,34,Berlin
345,2020-06-12,7282,211,6886,42,0,10,Berlin
348,2020-06-15,7392,211,6894,31,0,4,Berlin
349,2020-06-16,7466,211,6897,74,0,3,Berlin
352,2020-06-19,7792,211,6906,111,0,1,Berlin
359,2020-03-10,21,0,21,9,0,9,Brandenburg
360,2020-03-11,29,0,29,8,0,8,Brandenburg
361,2020-03-12,54,0,54,25,0,25,Brandenburg
362,2020-03-13,75,0,75,21,0,21,Brandenburg
363,2020-03-14,89,0,89,14,0,14,Brandenburg
365,2020-03-16,130,0,130,20,0,20,Brandenburg
366,2020-03-17,195,0,195,65,0,65,Brandenburg
367,2020-03-18,242,0,242,47,0,47,Brandenburg
368,2020-03-19,297,1,296,55,1,54,Brandenburg
369,2020-03-20,361,2,359,64,1,63,Brandenburg
370,2020-03-21,385,2,383,24,0,24,Brandenburg
371,2020-03-22,407,2,405,22,0,22,Brandenburg
372,2020-03-23,460,2,458,53,0,53,Brandenburg
373,2020-03-24,515,2,513,55,0,55,Brandenburg
374,2020-03-25,611,6,605,96,4,92,Brandenburg
375,2020-03-26,685,8,677,74,2,72,Brandenburg
376,2020-03-27,764,13,751,79,5,74,Brandenburg
377,2020-03-28,808,13,795,44,0,44,Brandenburg
378,2020-03-29,835,13,822,27,0,27,Brandenburg
379,2020-03-30,930,25,905,95,12,83,Brandenburg
380,2020-03-31,1059,33,1026,129,8,121,Brandenburg
381,2020-04-01,1131,40,1091,72,7,65,Brandenburg
382,2020-04-02,1256,49,1207,125,9,116,Brandenburg
383,2020-04-03,1394,64,1330,138,15,123,Brandenburg
384,2020-04-04,1434,66,1368,40,2,38,Brandenburg
385,2020-04-05,1459,69,1390,25,3,22,Brandenburg
386,2020-04-06,1532,74,1458,73,5,68,Brandenburg
387,2020-04-07,1640,82,1558,108,8,100,Brandenburg
388,2020-04-08,1758,85,1673,118,3,115,Brandenburg
389,2020-04-09,1873,95,1778,115,10,105,Brandenburg
390,2020-04-10,1947,97,1850,74,2,72,Brandenburg
391,2020-04-11,1996,102,1894,49,5,44,Brandenburg
392,2020-04-12,2040,108,1932,44,6,38,Brandenburg
393,2020-04-13,2052,108,1944,12,0,12,Brandenburg
394,2020-04-14,2107,110,1997,55,2,53,Brandenburg
395,2020-04-15,2173,119,2054,66,9,57,Brandenburg
396,2020-04-16,2234,124,2110,61,5,56,Brandenburg
397,2020-04-17,2343,124,2219,109,0,109,Brandenburg
398,2020-04-18,2404,128,2276,61,4,57,Brandenburg
400,2020-04-20,2490,139,2351,57,9,48,Brandenburg
401,2020-04-21,2557,142,2415,67,3,64,Brandenburg
402,2020-04-22,2608,143,2465,51,1,50,Brandenburg
404,2020-04-24,2734,147,2586,83,1,81,Brandenburg
405,2020-04-25,2758,148,2609,24,1,23,Brandenburg
407,2020-04-27,2803,151,2651,38,3,35,Brandenburg
408,2020-04-28,2870,153,2716,67,2,65,Brandenburg
409,2020-04-29,2907,154,2752,37,1,36,Brandenburg
410,2020-04-30,2942,156,2785,35,2,33,Brandenburg
411,2020-05-01,2975,157,2817,33,1,32,Brandenburg
412,2020-05-02,2991,157,2833,16,0,16,Brandenburg
414,2020-05-04,3016,159,2856,19,2,17,Brandenburg
415,2020-05-05,3060,159,2900,44,0,44,Brandenburg
416,2020-05-06,3086,159,2926,26,0,26,Brandenburg
417,2020-05-07,3098,159,2938,12,0,12,Brandenburg
419,2020-05-09,3120,159,2960,5,0,5,Brandenburg
421,2020-05-11,3133,159,2973,10,0,10,Brandenburg
422,2020-05-12,3139,159,2979,6,0,6,Brandenburg
423,2020-05-13,3149,160,2988,10,1,9,Brandenburg
424,2020-05-14,3165,160,3004,16,0,16,Brandenburg
425,2020-05-15,3172,160,3011,7,0,7,Brandenburg
426,2020-05-16,3185,160,3024,13,0,13,Brandenburg
429,2020-05-19,3196,160,3035,4,0,4,Brandenburg
430,2020-05-20,3209,160,3048,13,0,13,Brandenburg
439,2020-05-29,3271,162,3104,8,0,7,Brandenburg
445,2020-06-05,3303,163,3123,6,1,5,Brandenburg
448,2020-06-09,3319,163,3135,10,0,7,Brandenburg
449,2020-06-10,3325,163,3136,6,0,1,Brandenburg
451,2020-06-12,3338,163,3139,8,0,1,Brandenburg
454,2020-06-15,3356,163,3141,12,0,1,Brandenburg
455,2020-06-16,3368,163,3142,12,0,1,Brandenburg
458,2020-06-19,3389,163,3142,5,0,0,Brandenburg
464,2020-03-10,22,0,22,11,0,11,Bremen
465,2020-03-11,33,0,33,11,0,11,Bremen
466,2020-03-12,40,0,40,7,0,7,Bremen
467,2020-03-13,49,0,49,9,0,9,Bremen
468,2020-03-14,52,0,52,3,0,3,Bremen
470,2020-03-16,56,0,56,1,0,1,Bremen
471,2020-03-17,68,1,67,12,1,11,Bremen
472,2020-03-18,78,1,77,10,0,10,Bremen
473,2020-03-19,118,1,117,40,0,40,Bremen
474,2020-03-20,142,1,141,24,0,24,Bremen
475,2020-03-21,164,1,163,22,0,22,Bremen
476,2020-03-22,168,1,167,4,0,4,Bremen
477,2020-03-23,180,1,179,12,0,12,Bremen
478,2020-03-24,199,2,197,19,1,18,Bremen
479,2020-03-25,210,2,208,11,0,11,Bremen
480,2020-03-26,241,4,237,31,2,29,Bremen
481,2020-03-27,261,5,256,20,1,19,Bremen
482,2020-03-28,286,5,281,25,0,25,Bremen
483,2020-03-29,287,5,282,1,0,1,Bremen
484,2020-03-30,295,7,288,8,2,6,Bremen
485,2020-03-31,312,8,304,17,1,16,Bremen
486,2020-04-01,328,9,319,16,1,15,Bremen
487,2020-04-02,339,10,329,11,1,10,Bremen
488,2020-04-03,372,15,357,33,5,28,Bremen
489,2020-04-04,387,16,371,15,1,14,Bremen
490,2020-04-05,390,16,374,3,0,3,Bremen
491,2020-04-06,395,16,379,5,0,5,Bremen
492,2020-04-07,431,18,413,36,2,34,Bremen
493,2020-04-08,437,18,419,6,0,6,Bremen
494,2020-04-09,455,20,435,18,2,16,Bremen
495,2020-04-10,464,21,443,9,1,8,Bremen
496,2020-04-11,477,23,454,13,2,11,Bremen
497,2020-04-12,481,23,458,4,0,4,Bremen
498,2020-04-13,487,26,461,6,3,3,Bremen
499,2020-04-14,494,26,468,7,0,7,Bremen
500,2020-04-15,509,27,482,15,1,14,Bremen
501,2020-04-16,554,28,526,45,1,44,Bremen
502,2020-04-17,566,29,537,12,1,11,Bremen
503,2020-04-18,583,29,554,17,0,17,Bremen
505,2020-04-20,602,29,573,7,0,7,Bremen
506,2020-04-21,619,33,586,17,4,13,Bremen
507,2020-04-22,727,33,694,108,0,108,Bremen
509,2020-04-24,761,33,728,17,0,17,Bremen
510,2020-04-25,776,33,743,15,0,15,Bremen
512,2020-04-27,797,33,764,7,0,7,Bremen
513,2020-04-28,840,35,805,43,2,41,Bremen
514,2020-04-29,882,35,847,42,0,42,Bremen
515,2020-04-30,904,35,869,22,0,22,Bremen
516,2020-05-01,916,35,881,12,0,12,Bremen
517,2020-05-02,920,35,885,4,0,4,Bremen
519,2020-05-04,954,35,919,17,0,17,Bremen
520,2020-05-05,964,36,928,10,1,9,Bremen
521,2020-05-06,1018,36,982,54,0,54,Bremen
522,2020-05-07,1047,37,1010,29,1,28,Bremen
524,2020-05-09,1090,40,1050,15,1,14,Bremen
526,2020-05-11,1105,41,1064,3,0,3,Bremen
527,2020-05-12,1125,41,1084,20,0,20,Bremen
528,2020-05-13,1154,42,1112,29,1,28,Bremen
529,2020-05-14,1177,42,1135,23,0,23,Bremen
530,2020-05-15,1198,42,1156,21,0,21,Bremen
531,2020-05-16,1217,43,1174,19,1,18,Bremen
534,2020-05-19,1257,44,1213,19,1,18,Bremen
535,2020-05-20,1275,44,1231,18,0,18,Bremen
544,2020-05-29,1404,45,1355,29,0,27,Bremen
551,2020-06-05,1513,48,1455,15,0,14,Bremen
555,2020-06-09,1548,48,1482,15,0,10,Bremen
556,2020-06-10,1565,48,1491,17,0,9,Bremen
558,2020-06-12,1581,48,1499,8,0,2,Bremen
561,2020-06-15,1593,49,1502,1,0,0,Bremen
562,2020-06-16,1607,49,1503,14,0,1,Bremen
565,2020-06-19,1636,49,1505,9,0,0,Bremen
578,2020-03-10,77,1,76,30,0,30,Hamburg
579,2020-03-11,106,1,105,29,0,29,Hamburg
580,2020-03-12,148,2,146,42,1,41,Hamburg
581,2020-03-13,186,3,183,38,1,37,Hamburg
582,2020-03-14,263,4,259,77,1,76,Hamburg
584,2020-03-16,423,4,419,80,0,80,Hamburg
585,2020-03-17,556,5,551,133,1,132,Hamburg
586,2020-03-18,690,5,685,134,0,134,Hamburg
587,2020-03-19,880,7,873,190,2,188,Hamburg
588,2020-03-20,1026,9,1017,146,2,144,Hamburg
589,2020-03-21,1133,10,1123,107,1,106,Hamburg
590,2020-03-22,1283,12,1271,150,2,148,Hamburg
591,2020-03-23,1416,13,1403,133,1,132,Hamburg
592,2020-03-24,1623,16,1607,207,3,204,Hamburg
593,2020-03-25,1786,27,1759,163,11,152,Hamburg
594,2020-03-26,1957,33,1924,171,6,165,Hamburg
595,2020-03-27,2098,42,2056,141,9,132,Hamburg
596,2020-03-28,2243,52,2191,145,10,135,Hamburg
597,2020-03-29,2359,53,2306,116,1,115,Hamburg
598,2020-03-30,2430,57,2373,71,4,67,Hamburg
599,2020-03-31,2589,65,2524,159,8,151,Hamburg
600,2020-04-01,2727,73,2654,138,8,130,Hamburg
601,2020-04-02,2895,87,2808,168,14,154,Hamburg
602,2020-04-03,3052,108,2944,157,21,136,Hamburg
603,2020-04-04,3165,114,3051,113,6,107,Hamburg
604,2020-04-05,3272,122,3150,107,8,99,Hamburg
605,2020-04-06,3368,133,3235,96,11,85,Hamburg
606,2020-04-07,3582,156,3426,214,23,191,Hamburg
607,2020-04-08,3698,164,3534,116,8,108,Hamburg
608,2020-04-09,3812,167,3645,114,3,111,Hamburg
609,2020-04-10,3909,168,3741,97,1,96,Hamburg
610,2020-04-11,3988,172,3816,79,4,75,Hamburg
611,2020-04-12,4034,180,3854,46,8,38,Hamburg
612,2020-04-13,4075,186,3889,41,6,35,Hamburg
613,2020-04-14,4151,194,3957,76,8,68,Hamburg
614,2020-04-15,4234,199,4035,83,5,78,Hamburg
615,2020-04-16,4308,208,4100,74,9,65,Hamburg
616,2020-04-17,4416,216,4200,108,8,100,Hamburg
617,2020-04-18,4456,217,4239,40,1,39,Hamburg
619,2020-04-20,4511,222,4289,33,3,30,Hamburg
620,2020-04-21,4569,225,4344,58,3,55,Hamburg
621,2020-04-22,4617,227,4390,48,2,46,Hamburg
623,2020-04-24,4709,236,4473,42,1,41,Hamburg
624,2020-04-25,4753,240,4513,44,4,40,Hamburg
626,2020-04-27,4791,245,4546,21,3,18,Hamburg
627,2020-04-28,4816,246,4570,25,1,24,Hamburg
628,2020-04-29,4858,248,4610,42,2,40,Hamburg
629,2020-04-30,4883,249,4634,25,1,24,Hamburg
630,2020-05-01,4891,249,4642,8,0,8,Hamburg
631,2020-05-02,4904,249,4655,13,0,13,Hamburg
633,2020-05-04,4916,253,4663,9,4,5,Hamburg
634,2020-05-05,4937,255,4682,21,2,19,Hamburg
635,2020-05-06,4958,256,4702,21,1,20,Hamburg
636,2020-05-07,4975,256,4719,17,0,17,Hamburg
638,2020-05-09,4997,256,4741,10,0,10,Hamburg
640,2020-05-11,5005,257,4748,5,1,4,Hamburg
641,2020-05-12,5007,257,4750,2,0,2,Hamburg
642,2020-05-13,5021,257,4764,14,0,14,Hamburg
643,2020-05-14,5031,258,4773,10,1,9,Hamburg
644,2020-05-15,5044,258,4786,13,0,13,Hamburg
645,2020-05-16,5050,258,4792,6,0,6,Hamburg
648,2020-05-19,5055,259,4796,3,0,3,Hamburg
649,2020-05-20,5068,259,4809,13,0,13,Hamburg
656,2020-05-29,5087,259,4825,6,0,4,Hamburg
663,2020-06-05,5118,259,4838,5,0,0,Hamburg
667,2020-06-09,5125,259,4841,2,0,0,Hamburg
668,2020-06-10,5130,259,4841,5,0,0,Hamburg
670,2020-06-12,5141,259,4843,4,0,1,Hamburg
673,2020-06-15,5146,259,4843,1,0,0,Hamburg
674,2020-06-16,5149,259,4844,3,0,1,Hamburg
677,2020-06-19,5167,259,4845,3,0,0,Hamburg
688,2020-03-10,62,0,62,16,0,16,Hessen
689,2020-03-11,99,0,99,37,0,37,Hessen
690,2020-03-12,136,0,136,37,0,37,Hessen
691,2020-03-13,214,0,214,78,0,78,Hessen
692,2020-03-14,296,1,295,82,1,81,Hessen
694,2020-03-16,446,2,444,126,1,125,Hessen
695,2020-03-17,614,3,611,168,1,167,Hessen
696,2020-03-18,838,4,834,224,1,223,Hessen
697,2020-03-19,1041,5,1036,203,1,202,Hessen
698,2020-03-20,1253,9,1244,212,4,208,Hessen
699,2020-03-21,1388,12,1376,135,3,132,Hessen
700,2020-03-22,1447,13,1434,59,1,58,Hessen
701,2020-03-23,1724,17,1707,277,4,273,Hessen
702,2020-03-24,1959,26,1933,235,9,226,Hessen
703,2020-03-25,2206,31,2175,247,5,242,Hessen
704,2020-03-26,2507,43,2464,301,12,289,Hessen
705,2020-03-27,2815,57,2758,308,14,294,Hessen
706,2020-03-28,3002,64,2938,187,7,180,Hessen
707,2020-03-29,3142,75,3067,140,11,129,Hessen
708,2020-03-30,3327,86,3241,185,11,174,Hessen
709,2020-03-31,3581,98,3483,254,12,242,Hessen
710,2020-04-01,3911,122,3789,330,24,306,Hessen
711,2020-04-02,4178,145,4033,267,23,244,Hessen
712,2020-04-03,4427,156,4271,249,11,238,Hessen
713,2020-04-04,4652,174,4478,225,18,207,Hessen
714,2020-04-05,4743,179,4564,91,5,86,Hessen
715,2020-04-06,4882,200,4682,139,21,118,Hessen
716,2020-04-07,5137,218,4919,255,18,237,Hessen
717,2020-04-08,5440,237,5203,303,19,284,Hessen
718,2020-04-09,5732,269,5463,292,32,260,Hessen
719,2020-04-10,5887,283,5604,155,14,141,Hessen
720,2020-04-11,6038,298,5740,151,15,136,Hessen
721,2020-04-12,6137,310,5827,99,12,87,Hessen
722,2020-04-13,6214,321,5893,77,11,66,Hessen
723,2020-04-14,6375,336,6039,161,15,146,Hessen
724,2020-04-15,6602,349,6253,227,13,214,Hessen
725,2020-04-16,6810,364,6446,208,15,193,Hessen
726,2020-04-17,7000,373,6627,190,9,181,Hessen
727,2020-04-18,7128,385,6743,128,12,116,Hessen
729,2020-04-20,7280,401,6879,79,7,72,Hessen
730,2020-04-21,7449,410,7039,169,9,160,Hessen
731,2020-04-22,7625,422,7203,176,12,164,Hessen
733,2020-04-24,7851,435,7416,101,5,96,Hessen
734,2020-04-25,7940,439,7501,89,4,85,Hessen
736,2020-04-27,8032,444,7588,68,2,66,Hessen
737,2020-04-28,8170,447,7723,138,3,135,Hessen
738,2020-04-29,8292,448,7844,122,1,121,Hessen
739,2020-04-30,8396,454,7942,104,6,98,Hessen
740,2020-05-01,8474,456,8018,78,2,76,Hessen
741,2020-05-02,8514,457,8057,40,1,39,Hessen
743,2020-05-04,8568,461,8107,28,3,25,Hessen
744,2020-05-05,8658,463,8195,90,2,88,Hessen
745,2020-05-06,8762,466,8296,104,3,101,Hessen
746,2020-05-07,8845,470,8375,83,4,79,Hessen
748,2020-05-09,8978,476,8502,47,1,46,Hessen
750,2020-05-11,9026,479,8547,33,3,30,Hessen
751,2020-05-12,9108,482,8626,82,3,79,Hessen
752,2020-05-13,9178,483,8694,70,1,68,Hessen
753,2020-05-14,9225,483,8741,47,0,47,Hessen
754,2020-05-15,9294,486,8807,69,3,66,Hessen
755,2020-05-16,9328,487,8840,34,1,33,Hessen
758,2020-05-19,9537,490,9045,75,0,75,Hessen
759,2020-05-20,9639,492,9143,102,2,98,Hessen
768,2020-05-29,10029,496,9508,38,0,36,Hessen
775,2020-06-05,10189,498,9639,24,0,19,Hessen
779,2020-06-09,10268,498,9696,16,0,7,Hessen
780,2020-06-10,10305,499,9707,37,1,11,Hessen
782,2020-06-12,10339,499,9715,25,0,3,Hessen
785,2020-06-15,10372,499,9723,8,0,5,Hessen
786,2020-06-16,10412,500,9723,40,1,0,Hessen
789,2020-06-19,10562,501,9730,43,1,1,Hessen
797,2020-03-10,12,0,12,1,0,1,Mecklenburg-Vorpommern
798,2020-03-11,20,0,20,8,0,8,Mecklenburg-Vorpommern
799,2020-03-12,29,0,29,9,0,9,Mecklenburg-Vorpommern
800,2020-03-13,38,0,38,9,0,9,Mecklenburg-Vorpommern
801,2020-03-14,39,0,39,1,0,1,Mecklenburg-Vorpommern
803,2020-03-16,54,0,54,14,0,14,Mecklenburg-Vorpommern
804,2020-03-17,85,0,85,31,0,31,Mecklenburg-Vorpommern
805,2020-03-18,128,0,128,43,0,43,Mecklenburg-Vorpommern
806,2020-03-19,162,0,162,34,0,34,Mecklenburg-Vorpommern
807,2020-03-20,178,0,178,16,0,16,Mecklenburg-Vorpommern
808,2020-03-21,189,0,189,11,0,11,Mecklenburg-Vorpommern
809,2020-03-22,190,0,190,1,0,1,Mecklenburg-Vorpommern
810,2020-03-23,203,0,203,13,0,13,Mecklenburg-Vorpommern
811,2020-03-24,240,1,239,37,1,36,Mecklenburg-Vorpommern
812,2020-03-25,264,2,262,24,1,23,Mecklenburg-Vorpommern
813,2020-03-26,288,2,286,24,0,24,Mecklenburg-Vorpommern
814,2020-03-27,330,3,327,42,1,41,Mecklenburg-Vorpommern
815,2020-03-28,351,5,346,21,2,19,Mecklenburg-Vorpommern
816,2020-03-29,362,5,357,11,0,11,Mecklenburg-Vorpommern
817,2020-03-30,375,5,370,13,0,13,Mecklenburg-Vorpommern
818,2020-03-31,425,7,418,50,2,48,Mecklenburg-Vorpommern
819,2020-04-01,448,10,438,23,3,20,Mecklenburg-Vorpommern
820,2020-04-02,477,13,464,29,3,26,Mecklenburg-Vorpommern
821,2020-04-03,508,13,495,31,0,31,Mecklenburg-Vorpommern
822,2020-04-04,523,13,510,15,0,15,Mecklenburg-Vorpommern
823,2020-04-05,525,13,512,2,0,2,Mecklenburg-Vorpommern
824,2020-04-06,530,13,517,5,0,5,Mecklenburg-Vorpommern
825,2020-04-07,565,16,549,35,3,32,Mecklenburg-Vorpommern
826,2020-04-08,573,16,557,8,0,8,Mecklenburg-Vorpommern
827,2020-04-09,588,16,572,15,0,15,Mecklenburg-Vorpommern
828,2020-04-10,599,17,582,11,1,10,Mecklenburg-Vorpommern
829,2020-04-11,612,17,595,13,0,13,Mecklenburg-Vorpommern
830,2020-04-12,615,17,598,3,0,3,Mecklenburg-Vorpommern
831,2020-04-13,619,17,602,4,0,4,Mecklenburg-Vorpommern
832,2020-04-14,622,18,604,3,1,2,Mecklenburg-Vorpommern
833,2020-04-15,633,18,615,11,0,11,Mecklenburg-Vorpommern
834,2020-04-16,642,18,624,9,0,9,Mecklenburg-Vorpommern
835,2020-04-17,646,18,628,4,0,4,Mecklenburg-Vorpommern
836,2020-04-18,652,19,633,6,1,5,Mecklenburg-Vorpommern
837,2020-04-20,654,19,635,2,0,2,Mecklenburg-Vorpommern
838,2020-04-21,656,19,637,2,0,2,Mecklenburg-Vorpommern
839,2020-04-22,660,19,641,4,0,4,Mecklenburg-Vorpommern
840,2020-04-24,666,19,647,6,0,6,Mecklenburg-Vorpommern
841,2020-04-25,673,20,653,7,1,6,Mecklenburg-Vorpommern
842,2020-04-27,674,20,654,1,0,1,Mecklenburg-Vorpommern
843,2020-04-28,687,20,667,13,0,13,Mecklenburg-Vorpommern
844,2020-04-29,691,20,671,4,0,4,Mecklenburg-Vorpommern
845,2020-04-30,695,20,675,4,0,4,Mecklenburg-Vorpommern
846,2020-05-01,699,20,679,4,0,4,Mecklenburg-Vorpommern
847,2020-05-02,701,20,681,2,0,2,Mecklenburg-Vorpommern
848,2020-05-04,705,20,685,4,0,4,Mecklenburg-Vorpommern
849,2020-05-05,712,20,692,7,0,7,Mecklenburg-Vorpommern
850,2020-05-06,715,20,695,3,0,3,Mecklenburg-Vorpommern
851,2020-05-07,721,20,701,6,0,6,Mecklenburg-Vorpommern
852,2020-05-09,725,20,705,4,0,4,Mecklenburg-Vorpommern
854,2020-05-11,731,20,711,3,0,3,Mecklenburg-Vorpommern
855,2020-05-12,735,20,715,4,0,4,Mecklenburg-Vorpommern
856,2020-05-13,739,20,719,4,0,4,Mecklenburg-Vorpommern
857,2020-05-14,744,20,724,5,0,5,Mecklenburg-Vorpommern
858,2020-05-15,746,20,726,2,0,2,Mecklenburg-Vorpommern
859,2020-05-16,747,20,727,1,0,1,Mecklenburg-Vorpommern
861,2020-05-19,750,20,730,2,0,2,Mecklenburg-Vorpommern
862,2020-05-20,758,20,738,8,0,8,Mecklenburg-Vorpommern
865,2020-05-29,761,20,741,1,0,1,Mecklenburg-Vorpommern
868,2020-06-05,767,20,747,3,0,3,Mecklenburg-Vorpommern
870,2020-06-09,777,20,752,3,0,1,Mecklenburg-Vorpommern
871,2020-06-10,778,20,752,1,0,0,Mecklenburg-Vorpommern
873,2020-06-12,782,20,754,2,0,2,Mecklenburg-Vorpommern
875,2020-06-15,785,20,754,2,0,0,Mecklenburg-Vorpommern
876,2020-06-16,787,20,754,2,0,0,Mecklenburg-Vorpommern
878,2020-06-19,792,20,754,1,0,0,Mecklenburg-Vorpommern
889,2020-03-10,88,1,87,35,1,34,Niedersachsen
890,2020-03-11,150,1,149,62,0,62,Niedersachsen
891,2020-03-12,219,2,217,69,1,68,Niedersachsen
892,2020-03-13,308,2,306,89,0,89,Niedersachsen
893,2020-03-14,385,2,383,77,0,77,Niedersachsen
895,2020-03-16,609,3,606,156,0,156,Niedersachsen
896,2020-03-17,785,4,781,176,1,175,Niedersachsen
897,2020-03-18,1062,9,1053,277,5,272,Niedersachsen
898,2020-03-19,1333,11,1322,271,2,269,Niedersachsen
899,2020-03-20,1600,18,1582,267,7,260,Niedersachsen
900,2020-03-21,1780,22,1758,180,4,176,Niedersachsen
901,2020-03-22,1889,22,1867,109,0,109,Niedersachsen
902,2020-03-23,2132,26,2106,243,4,239,Niedersachsen
903,2020-03-24,2427,30,2397,295,4,291,Niedersachsen
904,2020-03-25,2805,48,2757,378,18,360,Niedersachsen
905,2020-03-26,3179,59,3120,374,11,363,Niedersachsen
906,2020-03-27,3589,95,3494,410,36,374,Niedersachsen
907,2020-03-28,3938,124,3814,349,29,320,Niedersachsen
908,2020-03-29,4115,139,3976,177,15,162,Niedersachsen
909,2020-03-30,4428,159,4269,313,20,293,Niedersachsen
910,2020-03-31,4789,174,4615,361,15,346,Niedersachsen
911,2020-04-01,5157,195,4962,368,21,347,Niedersachsen
912,2020-04-02,5491,217,5274,334,22,312,Niedersachsen
913,2020-04-03,5881,248,5633,390,31,359,Niedersachsen
914,2020-04-04,6106,268,5838,225,20,205,Niedersachsen
915,2020-04-05,6251,276,5975,145,8,137,Niedersachsen
916,2020-04-06,6480,301,6179,229,25,204,Niedersachsen
917,2020-04-07,6854,320,6534,374,19,355,Niedersachsen
918,2020-04-08,7187,345,6842,333,25,308,Niedersachsen
919,2020-04-09,7500,363,7137,313,18,295,Niedersachsen
920,2020-04-10,7761,379,7382,261,16,245,Niedersachsen
921,2020-04-11,7889,388,7501,128,9,119,Niedersachsen
922,2020-04-12,8039,400,7639,150,12,138,Niedersachsen
923,2020-04-13,8118,410,7708,79,10,69,Niedersachsen
924,2020-04-14,8286,429,7857,168,19,149,Niedersachsen
925,2020-04-15,8512,448,8064,226,19,207,Niedersachsen
926,2020-04-16,8755,459,8296,243,11,232,Niedersachsen
927,2020-04-17,8952,470,8482,197,11,186,Niedersachsen
928,2020-04-18,9095,477,8618,143,7,136,Niedersachsen
930,2020-04-20,9323,497,8826,131,11,120,Niedersachsen
931,2020-04-21,9486,507,8979,163,10,153,Niedersachsen
932,2020-04-22,9648,514,9134,162,7,155,Niedersachsen
934,2020-04-24,9907,530,9377,119,7,112,Niedersachsen
935,2020-04-25,9974,533,9441,67,3,64,Niedersachsen
937,2020-04-27,10101,545,9556,76,10,66,Niedersachsen
938,2020-04-28,10201,552,9649,100,7,93,Niedersachsen
939,2020-04-29,10286,559,9727,85,7,78,Niedersachsen
940,2020-04-30,10370,566,9804,84,7,77,Niedersachsen
941,2020-05-01,10409,566,9843,39,0,39,Niedersachsen
942,2020-05-02,10445,566,9879,36,0,36,Niedersachsen
944,2020-05-04,10553,572,9981,93,6,87,Niedersachsen
945,2020-05-05,10632,578,10054,79,6,73,Niedersachsen
946,2020-05-06,10723,580,10143,91,2,89,Niedersachsen
947,2020-05-07,10809,581,10228,86,1,85,Niedersachsen
949,2020-05-09,10917,586,10330,30,2,27,Niedersachsen
951,2020-05-11,10975,588,10386,48,1,47,Niedersachsen
952,2020-05-12,11025,592,10432,50,4,46,Niedersachsen
953,2020-05-13,11104,595,10508,79,3,76,Niedersachsen
954,2020-05-14,11144,596,10547,40,1,39,Niedersachsen
955,2020-05-15,11186,598,10587,42,2,40,Niedersachsen
956,2020-05-16,11208,599,10606,22,1,19,Niedersachsen
959,2020-05-19,11349,607,10739,63,5,58,Niedersachsen
960,2020-05-20,11443,608,10832,94,1,93,Niedersachsen
969,2020-05-29,11990,614,11302,64,1,53,Niedersachsen
976,2020-06-05,12484,616,11659,94,0,73,Niedersachsen
980,2020-06-09,12707,616,11776,78,0,15,Niedersachsen
981,2020-06-10,12771,616,11795,64,0,19,Niedersachsen
983,2020-06-12,12896,618,11805,75,2,7,Niedersachsen
986,2020-06-15,12975,618,11815,36,0,4,Niedersachsen
987,2020-06-16,13034,618,11819,59,0,4,Niedersachsen
990,2020-06-19,13253,618,11820,77,0,0,Niedersachsen
1008,2020-03-10,756,9,747,173,0,173,Nordrhein-Westfalen
1009,2020-03-11,956,11,945,200,2,198,Nordrhein-Westfalen
1010,2020-03-12,1237,14,1223,281,3,278,Nordrhein-Westfalen
1011,2020-03-13,1655,20,1635,418,6,412,Nordrhein-Westfalen
1012,2020-03-14,1977,23,1954,322,3,319,Nordrhein-Westfalen
1014,2020-03-16,2828,40,2788,610,11,599,Nordrhein-Westfalen
1015,2020-03-17,3738,53,3685,910,13,897,Nordrhein-Westfalen
1016,2020-03-18,4455,72,4383,717,19,698,Nordrhein-Westfalen
1017,2020-03-19,5593,92,5501,1138,20,1118,Nordrhein-Westfalen
1018,2020-03-20,6468,112,6356,875,20,855,Nordrhein-Westfalen
1019,2020-03-21,7159,128,7031,691,16,675,Nordrhein-Westfalen
1020,2020-03-22,7595,148,7447,436,20,416,Nordrhein-Westfalen
1021,2020-03-23,8476,173,8303,881,25,856,Nordrhein-Westfalen
1022,2020-03-24,9272,197,9075,796,24,772,Nordrhein-Westfalen
1023,2020-03-25,10310,233,10077,1038,36,1002,Nordrhein-Westfalen
1024,2020-03-26,11359,271,11088,1049,38,1011,Nordrhein-Westfalen
1025,2020-03-27,12460,316,12144,1101,45,1056,Nordrhein-Westfalen
1026,2020-03-28,13212,353,12859,752,37,715,Nordrhein-Westfalen
1027,2020-03-29,13845,394,13451,633,41,592,Nordrhein-Westfalen
1028,2020-03-30,14615,436,14179,770,42,728,Nordrhein-Westfalen
1029,2020-03-31,15673,495,15178,1058,59,999,Nordrhein-Westfalen
1030,2020-04-01,16833,578,16255,1160,83,1077,Nordrhein-Westfalen
1031,2020-04-02,18042,643,17399,1209,65,1144,Nordrhein-Westfalen
1032,2020-04-03,19098,714,18384,1056,71,985,Nordrhein-Westfalen
1033,2020-04-04,19782,754,19028,684,40,644,Nordrhein-Westfalen
1034,2020-04-05,20289,801,19488,507,47,460,Nordrhein-Westfalen
1035,2020-04-06,21166,874,20292,877,73,804,Nordrhein-Westfalen
1036,2020-04-07,22081,929,21152,915,55,860,Nordrhein-Westfalen
1037,2020-04-08,23126,1004,22122,1045,75,970,Nordrhein-Westfalen
1038,2020-04-09,24133,1060,23073,1007,56,951,Nordrhein-Westfalen
1039,2020-04-10,24747,1097,23650,614,37,577,Nordrhein-Westfalen
1040,2020-04-11,25333,1132,24201,586,35,551,Nordrhein-Westfalen
1041,2020-04-12,25717,1163,24554,384,31,353,Nordrhein-Westfalen
1042,2020-04-13,26009,1185,24824,292,22,270,Nordrhein-Westfalen
1043,2020-04-14,26527,1234,25293,518,49,469,Nordrhein-Westfalen
1044,2020-04-15,27189,1273,25916,662,39,623,Nordrhein-Westfalen
1045,2020-04-16,27929,1307,26622,740,34,706,Nordrhein-Westfalen
1046,2020-04-17,28564,1341,27223,635,34,601,Nordrhein-Westfalen
1047,2020-04-18,29030,1365,27665,466,24,442,Nordrhein-Westfalen
1049,2020-04-20,29926,1427,28499,557,36,521,Nordrhein-Westfalen
1050,2020-04-21,30380,1452,28928,454,25,429,Nordrhein-Westfalen
1051,2020-04-22,30854,1470,29384,474,18,456,Nordrhein-Westfalen
1053,2020-04-24,31573,1490,30083,331,6,325,Nordrhein-Westfalen
1054,2020-04-25,31797,1500,30297,224,10,214,Nordrhein-Westfalen
1056,2020-04-27,32172,1514,30658,223,12,211,Nordrhein-Westfalen
1057,2020-04-28,32434,1527,30907,262,13,249,Nordrhein-Westfalen
1058,2020-04-29,32684,1533,31151,250,6,244,Nordrhein-Westfalen
1059,2020-04-30,33070,1544,31526,386,11,375,Nordrhein-Westfalen
1060,2020-05-01,33301,1556,31745,231,12,219,Nordrhein-Westfalen
1061,2020-05-02,33449,1559,31890,148,3,145,Nordrhein-Westfalen
1063,2020-05-04,33740,1570,32170,170,6,164,Nordrhein-Westfalen
1064,2020-05-05,33979,1579,32400,239,9,230,Nordrhein-Westfalen
1065,2020-05-06,34295,1584,32711,316,5,311,Nordrhein-Westfalen
1066,2020-05-07,34610,1593,33017,315,9,306,Nordrhein-Westfalen
1068,2020-05-09,35018,1603,33414,191,7,184,Nordrhein-Westfalen
1070,2020-05-11,35322,1607,33714,200,2,198,Nordrhein-Westfalen
1071,2020-05-12,35548,1611,33936,226,4,222,Nordrhein-Westfalen
1072,2020-05-13,35759,1616,34142,211,5,206,Nordrhein-Westfalen
1073,2020-05-14,35955,1620,34334,196,4,192,Nordrhein-Westfalen
1074,2020-05-15,36174,1625,34548,219,5,214,Nordrhein-Westfalen
1075,2020-05-16,36315,1628,34686,141,3,138,Nordrhein-Westfalen
1078,2020-05-19,36783,1633,35149,194,1,193,Nordrhein-Westfalen
1079,2020-05-20,36942,1638,35303,159,5,154,Nordrhein-Westfalen
1088,2020-05-29,37905,1653,36172,97,2,69,Nordrhein-Westfalen
1095,2020-06-05,38532,1658,36666,114,1,93,Nordrhein-Westfalen
1099,2020-06-09,38873,1661,36871,121,1,46,Nordrhein-Westfalen
1100,2020-06-10,39017,1662,36922,144,1,51,Nordrhein-Westfalen
1102,2020-06-12,39174,1662,36968,85,0,25,Nordrhein-Westfalen
1105,2020-06-15,39447,1662,37001,89,0,12,Nordrhein-Westfalen
1106,2020-06-16,39649,1663,37010,202,1,9,Nordrhein-Westfalen
1109,2020-06-19,40824,1663,37029,353,0,2,Nordrhein-Westfalen
1121,2020-03-10,38,0,38,17,0,17,Rheinland-Pfalz
1122,2020-03-11,67,0,67,29,0,29,Rheinland-Pfalz
1123,2020-03-12,131,0,131,64,0,64,Rheinland-Pfalz
1124,2020-03-13,189,0,189,58,0,58,Rheinland-Pfalz
1125,2020-03-14,240,0,240,51,0,51,Rheinland-Pfalz
1127,2020-03-16,460,2,458,125,1,124,Rheinland-Pfalz
1128,2020-03-17,628,3,625,168,1,167,Rheinland-Pfalz
1129,2020-03-18,786,4,782,158,1,157,Rheinland-Pfalz
1130,2020-03-19,921,8,913,135,4,131,Rheinland-Pfalz
1131,2020-03-20,1102,9,1093,181,1,180,Rheinland-Pfalz
1132,2020-03-21,1217,11,1206,115,2,113,Rheinland-Pfalz
1133,2020-03-22,1359,15,1344,142,4,138,Rheinland-Pfalz
1134,2020-03-23,1555,15,1540,196,0,196,Rheinland-Pfalz
1135,2020-03-24,1760,19,1741,205,4,201,Rheinland-Pfalz
1136,2020-03-25,1931,24,1907,171,5,166,Rheinland-Pfalz
1137,2020-03-26,2147,30,2117,216,6,210,Rheinland-Pfalz
1138,2020-03-27,2418,36,2382,271,6,265,Rheinland-Pfalz
1139,2020-03-28,2584,43,2541,166,7,159,Rheinland-Pfalz
1140,2020-03-29,2726,46,2680,142,3,139,Rheinland-Pfalz
1141,2020-03-30,2869,54,2815,143,8,135,Rheinland-Pfalz
1142,2020-03-31,3069,65,3004,200,11,189,Rheinland-Pfalz
1143,2020-04-01,3321,74,3247,252,9,243,Rheinland-Pfalz
1144,2020-04-02,3510,76,3434,189,2,187,Rheinland-Pfalz
1145,2020-04-03,3724,90,3634,214,14,200,Rheinland-Pfalz
1146,2020-04-04,3864,94,3770,140,4,136,Rheinland-Pfalz
1147,2020-04-05,3970,97,3873,106,3,103,Rheinland-Pfalz
1148,2020-04-06,4110,106,4004,140,9,131,Rheinland-Pfalz
1149,2020-04-07,4290,118,4172,180,12,168,Rheinland-Pfalz
1150,2020-04-08,4463,128,4335,173,10,163,Rheinland-Pfalz
1151,2020-04-09,4619,139,4480,156,11,145,Rheinland-Pfalz
1152,2020-04-10,4750,146,4604,131,7,124,Rheinland-Pfalz
1153,2020-04-11,4827,152,4675,77,6,71,Rheinland-Pfalz
1154,2020-04-12,4892,155,4737,65,3,62,Rheinland-Pfalz
1155,2020-04-13,4965,159,4806,73,4,69,Rheinland-Pfalz
1156,2020-04-14,5065,167,4898,100,8,92,Rheinland-Pfalz
1157,2020-04-15,5184,173,5011,119,6,113,Rheinland-Pfalz
1158,2020-04-16,5300,180,5120,116,7,109,Rheinland-Pfalz
1159,2020-04-17,5429,187,5242,129,7,122,Rheinland-Pfalz
1160,2020-04-18,5516,191,5325,87,4,83,Rheinland-Pfalz
1162,2020-04-20,5577,195,5382,35,3,32,Rheinland-Pfalz
1163,2020-04-21,5638,200,5438,61,5,56,Rheinland-Pfalz
1164,2020-04-22,5723,208,5515,85,8,77,Rheinland-Pfalz
1166,2020-04-24,5840,214,5626,62,5,57,Rheinland-Pfalz
1167,2020-04-25,5870,214,5656,30,0,30,Rheinland-Pfalz
1169,2020-04-27,5942,216,5726,42,2,40,Rheinland-Pfalz
1170,2020-04-28,5973,220,5753,31,4,27,Rheinland-Pfalz
1171,2020-04-29,6034,222,5812,61,2,59,Rheinland-Pfalz
1172,2020-04-30,6080,224,5856,46,2,44,Rheinland-Pfalz
1173,2020-05-01,6119,224,5895,39,0,39,Rheinland-Pfalz
1174,2020-05-02,6138,224,5914,19,0,19,Rheinland-Pfalz
1175,2020-05-04,6166,227,5939,28,3,25,Rheinland-Pfalz
1176,2020-05-05,6198,228,5970,32,1,31,Rheinland-Pfalz
1177,2020-05-06,6228,228,6000,30,0,30,Rheinland-Pfalz
1178,2020-05-07,6265,231,6034,37,3,34,Rheinland-Pfalz
1180,2020-05-09,6317,231,6086,28,0,28,Rheinland-Pfalz
1182,2020-05-11,6351,232,6119,19,0,19,Rheinland-Pfalz
1183,2020-05-12,6372,233,6139,21,1,20,Rheinland-Pfalz
1184,2020-05-13,6411,233,6178,39,0,39,Rheinland-Pfalz
1185,2020-05-14,6441,233,6208,30,0,30,Rheinland-Pfalz
1186,2020-05-15,6476,234,6242,35,1,34,Rheinland-Pfalz
1187,2020-05-16,6486,234,6252,10,0,10,Rheinland-Pfalz
1190,2020-05-19,6544,234,6310,22,0,22,Rheinland-Pfalz
1191,2020-05-20,6574,234,6340,30,0,30,Rheinland-Pfalz
1200,2020-05-29,6697,234,6461,18,0,18,Rheinland-Pfalz
1206,2020-06-05,6783,234,6516,22,0,10,Rheinland-Pfalz
1210,2020-06-09,6823,234,6540,16,0,5,Rheinland-Pfalz
1211,2020-06-10,6830,234,6543,7,0,3,Rheinland-Pfalz
1213,2020-06-12,6842,234,6546,11,0,2,Rheinland-Pfalz
1216,2020-06-15,6855,234,6549,9,0,2,Rheinland-Pfalz
1217,2020-06-16,6867,234,6550,12,0,1,Rheinland-Pfalz
1220,2020-06-19,6907,234,6551,10,0,0,Rheinland-Pfalz
1224,2020-03-10,8,0,8,2,0,2,Saarland
1225,2020-03-11,18,0,18,10,0,10,Saarland
1226,2020-03-12,31,0,31,13,0,13,Saarland
1227,2020-03-13,48,0,48,17,0,17,Saarland
1228,2020-03-14,59,0,59,11,0,11,Saarland
1230,2020-03-16,102,2,100,25,2,23,Saarland
1231,2020-03-17,123,2,121,21,0,21,Saarland
1232,2020-03-18,164,3,161,41,1,40,Saarland
1233,2020-03-19,209,3,206,45,0,45,Saarland
1234,2020-03-20,246,3,243,37,0,37,Saarland
1235,2020-03-21,284,4,280,38,1,37,Saarland
1236,2020-03-22,331,5,326,47,1,46,Saarland
1237,2020-03-23,388,8,380,57,3,54,Saarland
1238,2020-03-24,420,12,408,32,4,28,Saarland
1239,2020-03-25,469,15,454,49,3,46,Saarland
1240,2020-03-26,541,17,524,72,2,70,Saarland
1241,2020-03-27,604,20,584,63,3,60,Saarland
1242,2020-03-28,673,22,651,69,2,67,Saarland
1243,2020-03-29,750,27,723,77,5,72,Saarland
1244,2020-03-30,820,31,789,70,4,66,Saarland
1245,2020-03-31,950,44,906,130,13,117,Saarland
1246,2020-04-01,1073,48,1025,123,4,119,Saarland
1247,2020-04-02,1250,64,1186,177,16,161,Saarland
1248,2020-04-03,1321,66,1255,71,2,69,Saarland
1249,2020-04-04,1462,77,1385,141,11,130,Saarland
1250,2020-04-05,1551,85,1466,89,8,81,Saarland
1251,2020-04-06,1631,92,1539,80,7,73,Saarland
1252,2020-04-07,1708,96,1612,77,4,73,Saarland
1253,2020-04-08,1860,107,1753,152,11,141,Saarland
1254,2020-04-09,1995,113,1882,135,6,129,Saarland
1255,2020-04-10,2086,120,1966,91,7,84,Saarland
1256,2020-04-11,2107,121,1986,21,1,20,Saarland
1257,2020-04-12,2130,121,2009,23,0,23,Saarland
1258,2020-04-13,2160,124,2036,30,3,27,Saarland
1259,2020-04-14,2187,126,2061,27,2,25,Saarland
1260,2020-04-15,2238,131,2107,51,5,46,Saarland
1261,2020-04-16,2286,135,2151,48,4,44,Saarland
1262,2020-04-17,2317,137,2180,31,2,29,Saarland
1263,2020-04-18,2344,139,2205,27,2,25,Saarland
1265,2020-04-20,2362,141,2221,16,2,14,Saarland
1266,2020-04-21,2399,146,2253,37,5,32,Saarland
1267,2020-04-22,2443,152,2291,44,6,38,Saarland
1269,2020-04-24,2485,156,2329,22,3,19,Saarland
1270,2020-04-25,2499,156,2343,14,0,14,Saarland
1272,2020-04-27,2521,156,2365,5,0,5,Saarland
1273,2020-04-28,2539,156,2383,18,0,18,Saarland
1274,2020-04-29,2564,156,2408,25,0,25,Saarland
1275,2020-04-30,2585,157,2428,21,1,20,Saarland
1276,2020-05-01,2598,157,2441,13,0,13,Saarland
1277,2020-05-02,2604,159,2445,6,2,4,Saarland
1279,2020-05-04,2613,160,2453,5,1,4,Saarland
1280,2020-05-05,2619,161,2458,6,1,5,Saarland
1281,2020-05-06,2629,162,2467,10,1,9,Saarland
1282,2020-05-07,2639,162,2477,10,0,10,Saarland
1284,2020-05-09,2648,163,2485,4,0,4,Saarland
1285,2020-05-11,2650,163,2487,2,0,2,Saarland
1286,2020-05-12,2657,164,2493,7,1,6,Saarland
1287,2020-05-13,2664,164,2500,7,0,7,Saarland
1288,2020-05-14,2673,164,2509,9,0,9,Saarland
1289,2020-05-15,2677,164,2513,4,0,4,Saarland
1290,2020-05-16,2679,164,2515,2,0,2,Saarland
1292,2020-05-19,2686,165,2521,4,1,3,Saarland
1293,2020-05-20,2689,165,2524,3,0,3,Saarland
1302,2020-05-29,2721,167,2552,5,1,3,Saarland
1308,2020-06-05,2739,168,2564,4,0,4,Saarland
1312,2020-06-09,2761,168,2577,7,0,0,Saarland
1313,2020-06-10,2766,168,2577,5,0,0,Saarland
1314,2020-06-12,2767,168,2577,1,0,0,Saarland
1316,2020-06-15,2769,168,2577,1,0,0,Saarland
1317,2020-06-16,2771,168,2577,2,0,0,Saarland
1320,2020-06-19,2777,168,2577,2,0,0,Saarland
1327,2020-03-10,36,0,36,21,0,21,Sachsen
1328,2020-03-11,52,0,52,16,0,16,Sachsen
1329,2020-03-12,80,0,80,28,0,28,Sachsen
1330,2020-03-13,116,1,115,36,1,35,Sachsen
1331,2020-03-14,150,2,148,34,1,33,Sachsen
1333,2020-03-16,223,2,221,43,0,43,Sachsen
1334,2020-03-17,309,2,307,86,0,86,Sachsen
1335,2020-03-18,440,2,438,131,0,131,Sachsen
1336,2020-03-19,595,3,592,155,1,154,Sachsen
1337,2020-03-20,738,5,733,143,2,141,Sachsen
1338,2020-03-21,867,6,861,129,1,128,Sachsen
1339,2020-03-22,919,7,912,52,1,51,Sachsen
1340,2020-03-23,1042,10,1032,123,3,120,Sachsen
1341,2020-03-24,1202,17,1185,160,7,153,Sachsen
1342,2020-03-25,1382,24,1358,180,7,173,Sachsen
1343,2020-03-26,1551,28,1523,169,4,165,Sachsen
1344,2020-03-27,1738,35,1703,187,7,180,Sachsen
1345,2020-03-28,1901,38,1863,163,3,160,Sachsen
1346,2020-03-29,1972,39,1933,71,1,70,Sachsen
1347,2020-03-30,2110,50,2060,138,11,127,Sachsen
1348,2020-03-31,2290,67,2223,180,17,163,Sachsen
1349,2020-04-01,2475,71,2404,185,4,181,Sachsen
1350,2020-04-02,2698,89,2609,223,18,205,Sachsen
1351,2020-04-03,2948,106,2842,250,17,233,Sachsen
1352,2020-04-04,3087,114,2973,139,8,131,Sachsen
1353,2020-04-05,3155,117,3038,68,3,65,Sachsen
1354,2020-04-06,3235,122,3113,80,5,75,Sachsen
1355,2020-04-07,3377,128,3249,142,6,136,Sachsen
1356,2020-04-08,3537,135,3402,160,7,153,Sachsen
1357,2020-04-09,3638,141,3497,101,6,95,Sachsen
1358,2020-04-10,3768,148,3620,130,7,123,Sachsen
1359,2020-04-11,3848,155,3693,80,7,73,Sachsen
1360,2020-04-12,3936,157,3779,88,2,86,Sachsen
1361,2020-04-13,3976,163,3813,40,6,34,Sachsen
1362,2020-04-14,4048,167,3881,72,4,68,Sachsen
1363,2020-04-15,4105,169,3936,57,2,55,Sachsen
1364,2020-04-16,4207,174,4033,102,5,97,Sachsen
1365,2020-04-17,4251,179,4072,44,5,39,Sachsen
1366,2020-04-18,4297,179,4118,46,0,46,Sachsen
1368,2020-04-20,4353,183,4170,33,4,29,Sachsen
1369,2020-04-21,4402,188,4214,49,5,44,Sachsen
1370,2020-04-22,4453,188,4265,51,0,51,Sachsen
1372,2020-04-24,4532,194,4338,45,4,41,Sachsen
1373,2020-04-25,4554,194,4360,22,0,22,Sachsen
1375,2020-04-27,4595,196,4399,21,2,19,Sachsen
1376,2020-04-28,4628,197,4431,33,1,32,Sachsen
1377,2020-04-29,4667,200,4467,39,3,36,Sachsen
1378,2020-04-30,4700,202,4498,33,2,31,Sachsen
1379,2020-05-01,4722,202,4520,22,0,22,Sachsen
1380,2020-05-02,4744,203,4541,22,1,21,Sachsen
1382,2020-05-04,4760,203,4557,6,0,6,Sachsen
1383,2020-05-05,4821,207,4614,61,4,57,Sachsen
1384,2020-05-06,4856,207,4649,35,0,35,Sachsen
1385,2020-05-07,4890,207,4683,34,0,34,Sachsen
1387,2020-05-09,4959,207,4752,23,0,23,Sachsen
1389,2020-05-11,4988,207,4781,21,0,21,Sachsen
1390,2020-05-12,5012,207,4805,24,0,24,Sachsen
1391,2020-05-13,5047,208,4839,35,1,34,Sachsen
1392,2020-05-14,5086,209,4877,39,1,38,Sachsen
1393,2020-05-15,5106,211,4895,20,2,18,Sachsen
1394,2020-05-16,5121,213,4908,15,2,13,Sachsen
1397,2020-05-19,5174,214,4960,32,1,31,Sachsen
1398,2020-05-20,5204,215,4989,30,1,29,Sachsen
1407,2020-05-29,5296,220,5068,9,0,7,Sachsen
1412,2020-06-05,5324,221,5088,6,1,4,Sachsen
1415,2020-06-09,5339,221,5095,7,0,3,Sachsen
1416,2020-06-10,5342,221,5096,3,0,1,Sachsen
1418,2020-06-12,5347,221,5098,4,0,1,Sachsen
1420,2020-06-15,5349,221,5098,1,0,0,Sachsen
1421,2020-06-16,5359,221,5098,10,0,0,Sachsen
1424,2020-06-19,5408,221,5098,6,0,0,Sachsen
1425,2020-03-10,6,0,6,6,0,6,Sachsen-Anhalt
1426,2020-03-11,21,0,21,15,0,15,Sachsen-Anhalt
1427,2020-03-12,35,0,35,14,0,14,Sachsen-Anhalt
1428,2020-03-13,46,0,46,11,0,11,Sachsen-Anhalt
1429,2020-03-14,48,0,48,2,0,2,Sachsen-Anhalt
1430,2020-03-16,83,0,83,35,0,35,Sachsen-Anhalt
1431,2020-03-17,112,0,112,29,0,29,Sachsen-Anhalt
1432,2020-03-18,150,0,150,38,0,38,Sachsen-Anhalt
1433,2020-03-19,193,0,193,43,0,43,Sachsen-Anhalt
1434,2020-03-20,244,1,243,51,1,50,Sachsen-Anhalt
1435,2020-03-21,262,2,260,18,1,17,Sachsen-Anhalt
1436,2020-03-22,276,4,272,14,2,12,Sachsen-Anhalt
1437,2020-03-23,342,7,335,66,3,63,Sachsen-Anhalt
1438,2020-03-24,404,11,393,62,4,58,Sachsen-Anhalt
1439,2020-03-25,455,15,440,51,4,47,Sachsen-Anhalt
1440,2020-03-26,513,17,496,58,2,56,Sachsen-Anhalt
1441,2020-03-27,591,20,571,78,3,75,Sachsen-Anhalt
1442,2020-03-28,633,20,613,42,0,42,Sachsen-Anhalt
1443,2020-03-29,652,20,632,19,0,19,Sachsen-Anhalt
1444,2020-03-30,724,27,697,72,7,65,Sachsen-Anhalt
1445,2020-03-31,779,27,752,55,0,55,Sachsen-Anhalt
1446,2020-04-01,815,27,788,36,0,36,Sachsen-Anhalt
1447,2020-04-02,861,28,833,46,1,45,Sachsen-Anhalt
1448,2020-04-03,905,29,876,44,1,43,Sachsen-Anhalt
1449,2020-04-04,939,30,909,34,1,33,Sachsen-Anhalt
1450,2020-04-05,978,30,948,39,0,39,Sachsen-Anhalt
1451,2020-04-06,1004,31,973,26,1,25,Sachsen-Anhalt
1452,2020-04-07,1049,33,1016,45,2,43,Sachsen-Anhalt
1453,2020-04-08,1097,33,1064,48,0,48,Sachsen-Anhalt
1454,2020-04-09,1136,35,1101,39,2,37,Sachsen-Anhalt
1455,2020-04-10,1161,36,1125,25,1,24,Sachsen-Anhalt
1456,2020-04-11,1190,36,1154,29,0,29,Sachsen-Anhalt
1457,2020-04-12,1203,37,1166,13,1,12,Sachsen-Anhalt
1458,2020-04-13,1214,38,1176,11,1,10,Sachsen-Anhalt
1459,2020-04-14,1239,38,1201,25,0,25,Sachsen-Anhalt
1460,2020-04-15,1260,38,1222,21,0,21,Sachsen-Anhalt
1461,2020-04-16,1285,40,1245,25,2,23,Sachsen-Anhalt
1462,2020-04-17,1346,41,1305,61,1,60,Sachsen-Anhalt
1463,2020-04-18,1369,42,1327,23,1,22,Sachsen-Anhalt
1465,2020-04-20,1397,44,1353,13,2,11,Sachsen-Anhalt
1466,2020-04-21,1426,45,1381,29,1,28,Sachsen-Anhalt
1467,2020-04-22,1442,45,1397,16,0,16,Sachsen-Anhalt
1469,2020-04-24,1494,48,1446,23,2,21,Sachsen-Anhalt
1470,2020-04-25,1513,50,1463,19,2,17,Sachsen-Anhalt
1472,2020-04-27,1524,50,1474,6,0,6,Sachsen-Anhalt
1473,2020-04-28,1537,50,1487,13,0,13,Sachsen-Anhalt
1474,2020-04-29,1553,50,1503,16,0,16,Sachsen-Anhalt
1475,2020-04-30,1565,50,1515,12,0,12,Sachsen-Anhalt
1476,2020-05-01,1576,50,1526,11,0,11,Sachsen-Anhalt
1477,2020-05-02,1581,51,1530,5,1,4,Sachsen-Anhalt
1479,2020-05-04,1590,52,1538,5,1,4,Sachsen-Anhalt
1480,2020-05-05,1609,53,1556,19,1,18,Sachsen-Anhalt
1481,2020-05-06,1619,53,1566,10,0,10,Sachsen-Anhalt
1482,2020-05-07,1631,54,1577,12,1,11,Sachsen-Anhalt
1484,2020-05-09,1643,55,1588,4,1,3,Sachsen-Anhalt
1486,2020-05-11,1647,55,1592,2,0,2,Sachsen-Anhalt
1487,2020-05-12,1654,55,1599,7,0,7,Sachsen-Anhalt
1488,2020-05-13,1663,55,1608,9,0,9,Sachsen-Anhalt
1489,2020-05-14,1673,55,1618,10,0,10,Sachsen-Anhalt
1490,2020-05-15,1674,55,1619,1,0,1,Sachsen-Anhalt
1491,2020-05-16,1677,55,1622,3,0,3,Sachsen-Anhalt
1493,2020-05-19,1687,56,1631,8,1,7,Sachsen-Anhalt
1494,2020-05-20,1690,56,1634,3,0,3,Sachsen-Anhalt
1501,2020-05-29,1704,56,1646,1,0,0,Sachsen-Anhalt
1506,2020-06-05,1719,56,1657,2,0,1,Sachsen-Anhalt
1508,2020-06-09,1728,56,1665,8,0,7,Sachsen-Anhalt
1509,2020-06-10,1731,56,1667,3,0,2,Sachsen-Anhalt
1511,2020-06-12,1747,57,1670,13,1,1,Sachsen-Anhalt
1514,2020-06-15,1776,57,1671,6,0,1,Sachsen-Anhalt
1515,2020-06-16,1788,57,1671,12,0,0,Sachsen-Anhalt
1518,2020-06-19,1839,57,1671,21,0,0,Sachsen-Anhalt
1529,2020-03-10,19,0,19,7,0,7,Schleswig-Holstein
1530,2020-03-11,38,0,38,19,0,19,Schleswig-Holstein
1531,2020-03-12,56,1,55,18,1,17,Schleswig-Holstein
1532,2020-03-13,83,1,82,27,0,27,Schleswig-Holstein
1533,2020-03-14,107,1,106,24,0,24,Schleswig-Holstein
1535,2020-03-16,157,1,156,29,0,29,Schleswig-Holstein
1536,2020-03-17,203,3,200,46,2,44,Schleswig-Holstein
1537,2020-03-18,256,7,249,53,4,49,Schleswig-Holstein
1538,2020-03-19,316,7,309,60,0,60,Schleswig-Holstein
1539,2020-03-20,394,8,386,78,1,77,Schleswig-Holstein
1540,2020-03-21,439,11,428,45,3,42,Schleswig-Holstein
1541,2020-03-22,473,14,459,34,3,31,Schleswig-Holstein
1542,2020-03-23,567,17,550,94,3,91,Schleswig-Holstein
1543,2020-03-24,667,21,646,100,4,96,Schleswig-Holstein
1544,2020-03-25,754,25,729,87,4,83,Schleswig-Holstein
1545,2020-03-26,850,29,821,96,4,92,Schleswig-Holstein
1546,2020-03-27,967,31,936,117,2,115,Schleswig-Holstein
1547,2020-03-28,1049,32,1017,82,1,81,Schleswig-Holstein
1548,2020-03-29,1092,34,1058,43,2,41,Schleswig-Holstein
1549,2020-03-30,1170,39,1131,78,5,73,Schleswig-Holstein
1550,2020-03-31,1274,44,1230,104,5,99,Schleswig-Holstein
1551,2020-04-01,1377,51,1326,103,7,96,Schleswig-Holstein
1552,2020-04-02,1489,55,1434,112,4,108,Schleswig-Holstein
1553,2020-04-03,1601,62,1539,112,7,105,Schleswig-Holstein
1554,2020-04-04,1670,65,1605,69,3,66,Schleswig-Holstein
1555,2020-04-05,1706,66,1640,36,1,35,Schleswig-Holstein
1556,2020-04-06,1767,71,1696,61,5,56,Schleswig-Holstein
1557,2020-04-07,1879,82,1797,112,11,101,Schleswig-Holstein
1558,2020-04-08,1969,87,1882,90,5,85,Schleswig-Holstein
1559,2020-04-09,2062,92,1970,93,5,88,Schleswig-Holstein
1560,2020-04-10,2096,93,2003,34,1,33,Schleswig-Holstein
1561,2020-04-11,2137,96,2041,41,3,38,Schleswig-Holstein
1562,2020-04-12,2153,96,2057,16,0,16,Schleswig-Holstein
1563,2020-04-13,2251,108,2143,98,12,86,Schleswig-Holstein
1564,2020-04-14,2268,109,2159,17,1,16,Schleswig-Holstein
1565,2020-04-15,2310,112,2198,42,3,39,Schleswig-Holstein
1566,2020-04-16,2361,115,2246,51,3,48,Schleswig-Holstein
1567,2020-04-17,2400,118,2282,39,3,36,Schleswig-Holstein
1568,2020-04-18,2425,120,2305,25,2,23,Schleswig-Holstein
1570,2020-04-20,2462,125,2337,28,4,24,Schleswig-Holstein
1571,2020-04-21,2500,127,2373,38,2,36,Schleswig-Holstein
1572,2020-04-22,2535,132,2403,35,5,30,Schleswig-Holstein
1574,2020-04-24,2613,135,2478,38,1,37,Schleswig-Holstein
1575,2020-04-25,2630,138,2492,17,3,14,Schleswig-Holstein
1577,2020-04-27,2649,139,2510,13,0,13,Schleswig-Holstein
1578,2020-04-28,2670,139,2531,21,0,21,Schleswig-Holstein
1579,2020-04-29,2688,139,2549,18,0,18,Schleswig-Holstein
1580,2020-04-30,2707,140,2567,19,1,18,Schleswig-Holstein
1581,2020-05-01,2720,141,2579,13,1,12,Schleswig-Holstein
1582,2020-05-02,2731,143,2588,11,2,9,Schleswig-Holstein
1584,2020-05-04,2794,143,2651,14,0,14,Schleswig-Holstein
1585,2020-05-05,2843,143,2700,49,0,49,Schleswig-Holstein
1586,2020-05-06,2859,143,2716,16,0,16,Schleswig-Holstein
1587,2020-05-07,2893,144,2749,34,1,33,Schleswig-Holstein
1589,2020-05-09,2934,145,2789,19,0,19,Schleswig-Holstein
1591,2020-05-11,2959,147,2812,5,1,4,Schleswig-Holstein
1592,2020-05-12,2975,147,2828,16,0,16,Schleswig-Holstein
1593,2020-05-13,2987,147,2840,12,0,12,Schleswig-Holstein
1594,2020-05-14,2992,147,2845,5,0,5,Schleswig-Holstein
1595,2020-05-15,2999,147,2852,7,0,7,Schleswig-Holstein
1596,2020-05-16,3001,147,2854,2,0,2,Schleswig-Holstein
1598,2020-05-19,3016,148,2868,14,1,13,Schleswig-Holstein
1599,2020-05-20,3025,148,2877,9,0,9,Schleswig-Holstein
1604,2020-05-29,3092,151,2939,14,2,12,Schleswig-Holstein
1609,2020-06-05,3107,151,2953,2,0,1,Schleswig-Holstein
1613,2020-06-09,3113,151,2958,1,0,0,Schleswig-Holstein
1614,2020-06-10,3115,151,2959,2,0,1,Schleswig-Holstein
1616,2020-06-12,3119,152,2961,1,1,0,Schleswig-Holstein
1617,2020-06-15,3121,152,2961,2,0,0,Schleswig-Holstein
1618,2020-06-16,3122,152,2961,1,0,0,Schleswig-Holstein
1620,2020-06-19,3133,152,2961,2,0,0,Schleswig-Holstein
1625,2020-03-10,11,0,11,9,0,9,Thüringen
1626,2020-03-11,12,0,12,1,0,1,Thüringen
1627,2020-03-12,23,0,23,11,0,11,Thüringen
1628,2020-03-13,33,0,33,10,0,10,Thüringen
1629,2020-03-14,51,0,51,18,0,18,Thüringen
1631,2020-03-16,70,0,70,18,0,18,Thüringen
1632,2020-03-17,101,0,101,31,0,31,Thüringen
1633,2020-03-18,138,0,138,37,0,37,Thüringen
1634,2020-03-19,192,0,192,54,0,54,Thüringen
1635,2020-03-20,268,0,268,76,0,76,Thüringen
1636,2020-03-21,306,2,304,38,2,36,Thüringen
1637,2020-03-22,333,3,330,27,1,26,Thüringen
1638,2020-03-23,384,4,380,51,1,50,Thüringen
1639,2020-03-24,456,7,449,72,3,69,Thüringen
1640,2020-03-25,535,10,525,79,3,76,Thüringen
1641,2020-03-26,610,12,598,75,2,73,Thüringen
1642,2020-03-27,683,16,667,73,4,69,Thüringen
1643,2020-03-28,751,17,734,68,1,67,Thüringen
1644,2020-03-29,771,18,753,20,1,19,Thüringen
1645,2020-03-30,806,19,787,35,1,34,Thüringen
1646,2020-03-31,885,22,863,79,3,76,Thüringen
1647,2020-04-01,943,24,919,58,2,56,Thüringen
1648,2020-04-02,1028,28,1000,85,4,81,Thüringen
1649,2020-04-03,1098,32,1066,70,4,66,Thüringen
1650,2020-04-04,1148,35,1113,50,3,47,Thüringen
1651,2020-04-05,1188,40,1148,40,5,35,Thüringen
1652,2020-04-06,1215,42,1173,27,2,25,Thüringen
1653,2020-04-07,1289,50,1239,74,8,66,Thüringen
1654,2020-04-08,1354,53,1301,65,3,62,Thüringen
1655,2020-04-09,1424,59,1365,70,6,64,Thüringen
1656,2020-04-10,1451,66,1385,27,7,20,Thüringen
1657,2020-04-11,1478,70,1408,27,4,23,Thüringen
1658,2020-04-12,1510,75,1435,32,5,27,Thüringen
1659,2020-04-13,1530,77,1453,20,2,18,Thüringen
1660,2020-04-14,1574,84,1490,44,7,37,Thüringen
1661,2020-04-15,1616,89,1527,42,5,37,Thüringen
1662,2020-04-16,1697,90,1607,81,1,80,Thüringen
1663,2020-04-17,1733,93,1640,36,3,33,Thüringen
1664,2020-04-18,1780,97,1683,47,4,43,Thüringen
1666,2020-04-20,1834,105,1729,38,7,31,Thüringen
1667,2020-04-21,1909,109,1800,75,4,71,Thüringen
1668,2020-04-22,1965,112,1853,56,3,53,Thüringen
1670,2020-04-24,2077,116,1961,46,2,44,Thüringen
1671,2020-04-25,2102,119,1983,25,3,22,Thüringen
1673,2020-04-27,2151,123,2028,28,3,25,Thüringen
1674,2020-04-28,2228,131,2096,77,8,68,Thüringen
1675,2020-04-29,2271,134,2136,43,3,40,Thüringen
1676,2020-04-30,2332,141,2190,61,7,54,Thüringen
1677,2020-05-01,2346,141,2204,14,0,14,Thüringen
1678,2020-05-02,2367,145,2221,21,4,17,Thüringen
1680,2020-05-04,2398,148,2249,30,2,28,Thüringen
1681,2020-05-05,2437,149,2287,39,1,38,Thüringen
1682,2020-05-06,2481,154,2326,44,5,39,Thüringen
1683,2020-05-07,2529,156,2372,48,2,46,Thüringen
1685,2020-05-09,2586,157,2428,31,1,30,Thüringen
1687,2020-05-11,2626,159,2466,32,1,31,Thüringen
1688,2020-05-12,2654,159,2494,28,0,28,Thüringen
1689,2020-05-13,2670,160,2509,16,1,15,Thüringen
1690,2020-05-14,2695,162,2532,25,2,23,Thüringen
1691,2020-05-15,2716,164,2551,21,2,19,Thüringen
1692,2020-05-16,2740,165,2574,24,1,23,Thüringen
1695,2020-05-19,2791,167,2623,32,0,32,Thüringen
1696,2020-05-20,2812,168,2643,21,1,20,Thüringen
1705,2020-05-29,3006,174,2824,16,0,13,Thüringen
1712,2020-06-05,3086,176,2888,20,0,18,Thüringen
1716,2020-06-09,3118,177,2912,14,0,10,Thüringen
1717,2020-06-10,3140,178,2918,22,1,6,Thüringen
1719,2020-06-12,3164,178,2927,7,0,2,Thüringen
1722,2020-06-15,3182,178,2928,2,0,0,Thüringen
1723,2020-06-16,3197,178,2929,15,0,1,Thüringen
1726,2020-06-19,3214,178,2929,6,0,0,Thüringen
